ID,Post,Label
1,පාස්කු බෝම්බකරුවෙකු වූ ඊබ්‍රහිම්ගේ පුතෙකු සමගින් අනුර කුමාර දිසානායක සිටින බවට හුවමාරු වන ඡායාරූපයේ ඇත්ත කතාව!,0
2,"දමිතා, එළැඹෙන මැතිවරණයට සජබෙන් තරඟ කරනවාද?",0
3,"CID මඟින් අත්අඩංගුවට ගත්තේ කැලණිය මහ ශිෂ්‍ය සංගමයේ කැඳවුම්කරු කැලුම් නොව, එම සංගමයේම වෙනත් ක්‍රියාකාරිකයෙක් !",1
4,ව්‍යාජ කොරියානු භාෂා විභාග අයදුම්පත් ගූගල් පෝරමය ගැන ප්‍රවේසම් වන්න!,0
5,අධිවේගී මාර්ගයේ සිදු වූ හඳුන්නෙත්තිගේ සුළු අනතුර ගැන ව්‍යාජ අර්ථකථනයක්!,1
6,තලතා අතුකෝරළ ට සහ රොහිනි කවිරත්න ට සජබෙ මාධ්‍ය හමු වාරණය කර ඇති බවට පළවන පුවත් අසත්‍යයි!,1
7,“ලයිට් බිල වැඩී කියලා මට පිළිගන්න බැහැ” යනුවෙන් ප්‍රකාශයක් විදුලි බල අමාත්‍යවරයා සිදු කළා ද?,0
8,"ගාල්ල කර්මාන්ත හා වානිජ මණ්ඩල නිල වරණයෙන්, මාලිමා කණ්ඩායමක් ජය ලැබූ බවට පළවන වාර්තා අසත්‍යයි!",1
9,මාලිමාවට සම්බන්ධ පවුල්වල පාසල් සිසුන්ට පමණක් සීමා වූ කොණ්ඩේ කැපීමේ සේවාවක්?,0
10,ජෙනරාල් දයා රත්නායක සජබෙන් ඉවත්වී මව්බිම ජනතා පක්ෂයට එකතු වී නැහැ!,1
11,සරත් ෆොන්සේකා මාලිමාවට එක්වීමේ තීරණයක් ?,0
12,"විපක්ෂ නායක සජිත් ගැන, උපහාසාත්මක කෝණයෙන් හුවමාරු වන ව්‍යාජ සටහන්!",1
13,NPP නායකයින් සම්බන්ධයෙන් හුවමාරු වන අසත්‍ය සහ ව්‍යාජ සටහන් පෙළක්!,1
14,සනත් නිශාන්තගේ අභාවය සම්බන්ධයෙන් බිමල් රත්නායක ට්විටර් පණිවිඩයක් පළකළාද?,0
15,"බිමල් රත්නායක, සිය පවුලේ සාමාජිකයින් සමග විදෙස් සංචාරයක නිරත වූ අවස්ථාවක්?",0
16,"රාජ්‍ය සම්පත් අවකළමනාකරණය කර පාඩු ලබන තත්ත්වයට පත් කිරීම හේතුවෙන්, MAS ප්‍රධානියා “එල්ලා දමන” ලෙස චතුරංග අබේසිංහ ප්‍රකාශ කළා ද?",0
17,ධම්මික පෙරේරා පොදුජන පෙරමුණින් තෝරා ගත් ජනාධිපති අපේක්ෂකයාද?,0
18,එළැඹෙන මැතිවරණයක දී ජාතික ජන බලවේගය ඉදිරියෙන් සිටින බවට දැක්වෙන සමීක්ෂණයක් Verité Research විසින් සිදුකර නැහැ!,1
19,ජනවාරි සිට කොබෙයිගනේ සමූපකාරය මගින් සහන මිළට සහල් ලබා දෙන බවට පළ වන සටහන් අසත්‍යයි!,1
20,මාවතගම සමූපකාර සමිතිය විසින් කොකාකෝලා වලට සමාන පානයක් නිෂ්පාදනය කර නැහැ!,1
21,"ගාල්ලේ අමරසුරිය ගුරු විද්‍යාල ගොඩනැගිල්ල, හරිනි අමරසූරියගේ පියාට අයිතිව තිබු වලව්වක්ද?",0
22,"රසායනික වල් නාශක ඩ්‍රෝන මගින් ඉසීමෙන්, වකුගඩු රෝග 90%කින් අඩුවන බවට වෛද්‍ය නලින්ද ජයතිස්ස ප්‍රකාශ කර නොමැත!",1
23,ශ්‍රී ලංකා ක්‍රිකට් සම්බන්ධයෙන් ජාතික ජන බලවේගයේ නායකත්වය සිදුකළ ප්‍රකාශ බවට හුවමාරු වන නොමඟ යවන සුළු සටහන් පෙළක්!,1
24,MCC අරමුදල් සම්බන්ධව ආචාර්ය ජයම්පති වික්‍රමරත්න විසින් සිදුකළ ප්‍රකාශයක් ද?,0
25,ජැක්සන් කියන්නේ මාධ්‍ය වලින් පුම්බපු හිස් චරිතයක් බවට අනුර කුමාර ප්‍රකාශ කළා ද?,0
26,මාලිමා රජයක් යටතේ රෝගියෙකුට දැඩි සත්කාර ඒකකයක(ICU) ප්‍රතිකාර ගත හැකි උපරිම දින ගණන 3ක් ද?,0
27,චැනල් 4 නාලිකාව රාජපක්ෂලාට එල්ල කරන චෝදනා පිළිගැනීමට නොහැකි බව ජනාධිපති රනිල් ප්‍රකාශ කළා ද?,1
28,හෝමාගම උද්‍යානයේ අයිතිකරු ජ.වි.පෙ ප්‍රාදේශීය නායකයෙකු වන අරුණ පනාගොඩ ද?,0
29,එක්සත් ජාතින්ගේ මහා මණ්ඩලයේ දී ජනාධිපති රනිල් වික්‍රමසිංහ මහතා සැසිය අමතන අවස්ථාවක් ද?,0
30,මුහුණේ ලපයක් සහිත පුද්ගලයෙක් ලංකාද්වීපයේ පාලකයා බවටපත් වන බවට ඉන්දියාවේ නම්බි නාරායණන් පැවසූවා ද?,0
31,ඉන්දීය බිත්තර පරිභෝජනය නිසා හෘද රෝග ඉහළයාමේ ප්‍රවණතාවයක් ඇති බවට නලින් ද ජයතිස්ස ප්‍රකාශයක් සිදු කළා ද?,0
32,ඥාණසාර හිමිගෙන් ආශිර්වාද ලබාගැනීම පිලිබදව ජනතා විමුක්ති පෙරමුණ විසින් ලාල් කාන්තට එරෙහි විනය පරීක්ෂණ ආරම්භ කර නැහැ !!,1
33,බිමල් රත්නායක මෝල්ටා රාජ්‍යයේ ආයෝජනය ගැන ප්‍රකාශයක් සිදු කළා ද?,0
34,වැසි පිරිත සජ්ජායනය කිරීම සම්බන්ධයෙන් නලින් හේවගේ විසින් ප්‍රකාශක් සිදු කර නැහැ!,1
35,අරගලයට සම්බන්ධවූ පුද්ගලයන් ශ්‍රී ලංකා ධජයෙන් අමුඩ ගැසූ බවට පළවන සටහන් අසත්‍යයි !,1
36,පාර්ලිමේන්තු මන්ත්‍රීවරියන් නවසීලන්තයේ සංචාරයක යෙදුණේ මහජන බදු මුදලින් නොවේ!,1
37,ප්‍රංශ ජනපතිගේ ශ්‍රී ලංකා සංචාරය හෙළා දකින බවට අනුර දිසානායක ප්‍රකාශ කළේ නැහැ!,1
38,දිගටම පාඩු ලබන තත්වයක් හමුවේ සමිතියේ ඉදිරි කටයුතු පිලිබඳ තීරණයක් ගන්නා බවට මහව සභාපතිවරයා පවසා තිබුණා ද ?,0
39,"ඕස්ට්‍රේලියාවේදී ගිලන් රථයක් කැඳවු විට, ඒ සමඟ අතිරේක ගිලන් රථයක් ද පැමිණෙන්නේ නැහැ!",1
40,දෙනියාය සණස නගර ශාඛාවේ නිලවරණයේදී 86% ක බලය මාලිමාවට ලැබුණා ද?,1
41,කප්පම් ගැනීම බුදු දහමට විරුද්ධ නොවන බවට ඇමති ප්‍රසන්න රණතුංග ප්‍රකාශයක් කළා ද?,0
42,ලංකාවේ ඛනිජතෙල් බෙදාහැරීමට ගිවිසුම් ගතවූ සිනොපෙක් සමාගමේ දේශීය නියෝජිතයා වශයෙන් කටයුතු කරන්නේ මැක්ලරන්ස් සමාගම නොවේ!,1
43,"වසා දැමීමට තීරණයවූ මීපේ හයිඩ්රාමනි කර්මාන්තශාලාව, ජවිපෙ බලය හිමි, මහව සමුපකාරයෙන් මිලට ගෙන නැහැ !",1
44,ජාතික ජන බලවේගයේ මැයි දින රැළිය ඇසුරින් සකසන ලද උපහාසාත්මක සංස්කරණ පෙළක්!,1
45,අලුවිහාරේ සහෝදරයින් නැවතත් එජාපයට ?,0
46,ශෂීන්ද්‍ර රාජපක්ෂ විල්ගමුව රක්ෂිතයේ අක්කර 120ක් පවරා ගෙන තිබෙන බවට පළ වන සටහන් සම්බන්ධයෙන් කරුණු පැහැදිලි කිරීමක්!,1
47,රනිල් සමඟ එක්වීම පිළිබඳ සජබ හමුවක දී ගාලගෝට්ටියක්?,1
48,හවුල් ආණ්ඩුවට එරෙහිව අප්‍රේල් 02 වන දා හිටපු ජනාධිපති මහින්ද රාජපක්ෂ මහතාගේ ප්‍රධානත්වයෙන් ජන හමුවක්?,0
49,"මාර්තු 15 වැඩ වර්ජනයට සම්බන්ධවී රැකියා අහිමි වුවහොත්, මාලිමා රජයකින් රැකියා නැවත ලබාදෙන බවට අනුර පවසා නැහැ!",1
50,අදින් පසු උද්ඝෝෂණ රටේ තහනම් බවට ජනාධිපති ප්‍රකාශයක් සිදු කළාද?,0
51,“නිධන් හෑරූ මාලිමාවේ අපේක්ෂකයින් දෙදෙනෙක් දැළේ” යනුවෙන් පුවතක් පළ වූවාද ?,0
52,ජනතා විමුක්ති පෙරමුණත් ඡන්දේ කල් දාන ලෙස තමාගෙන් ඉල්ලීමක් සිදු කළ බවට ජනාධිපති පැවසුවා ද?,0
53,පළාත් පාලන ඡන්දයේ නාමයෝජනා සියල්ල අවලංගු කළා ද?,0
54,මාලිමාවේ ආධාරකරුවන් ඇනකොටා ගත් අවස්ථාවක් ලෙස හුවමාරු වන පුවත් සංස්කරණයක්!,1
55,“සිංහලයා පැරදවිය හැක්කේ සජිත්ට ඡන්දය දුන්නොත් විතරයි” සුමන්තිරන්ගෙන් ප්‍රකාශයක්?,0
56,නිවසට පැමිණි මාලිමාවේ අපේක්ෂකයෙකු දුරකතනයක් පැහැර ගත් බවට පුවතක්?,0
57,ඉෂන්කා ජහන්වී මාලිමාවට මැතිවරණ ප්‍රචාරණ කටයුතු කරන අයුරු?,0
58,බැලුනයක් මඟින් මාලිමාව සිදුකරන නවතම මැතිවරණ ප්‍රචාරණ ක්‍රමවේදයක්?,0
59,මාලිමාව මැතිවරණ ප්‍රචාරණ වැඩසටහනකට සනත් ජයසූරිය එක් වුණා ද?,0
60,ජනාධිපති මුල්වී නුවර පැවැත්වූ නිදහස් දින සමරුමක ආචාර රථ පෙළක් ද?,0
61,දසුන් ශානකගේ සහය මාලිමාවට?,0
62,"මෙවර මාලිමාවෙන් තරඟ කරන අනිල් කේ. සේනාධීර, මීට පෙර පොහොට්ටුවෙන් තරඟ කළා ද?",0
63,ජාතික ජන බලවේගයෙන් නාමයෝජනා ලබා දුන් පුද්ගලයන් බවට ව්‍යාජ සටහන් පෙළක්!,1
64,මත්ද්‍රව්‍ය සමඟ හසුව හිරේ ගිය ‘මැන්ඩි ගිහාන්ට’ මාලිමාවෙන් අම්බලන්ගොඩ නගර සභාවට නාම යෝජනා?,0
65,නාමල් වෙනුවට අනුරගේ රුව යෙදු පාසල් බෑග් ඡායාරුප සංස්කරණයක් !,1
66,"‘ගාලු මුවදොර අරගල භූමිය, සංදර්ශන භූමියක් නොකරනු’ මැයෙන්, සංවිධාන කිහිපයක එකතුවෙන් ඒකාබද්ධ මාධ්‍ය නිවේදනයක් නිකුත් කළා ද?",0
67,දිනේෂ් ශාෆ්ටර් ඝාතනය සම්බන්ධයෙන් නලින්ද ජයතිස්සගේ අදහස් දැක්වීමක් ලෙස හුවමාරුවන ව්‍යාජ ට්විටර් පණිවිඩයක්!,1
68,සමගි ජන බලවේගයේ සහකාර ලේකම් ධුරයෙන් හේෂා විතානගේ ඉල්ලා අස්වුණා ද ?,0
69,අයිස් උවදුරෙන් සිංහලයන්ව බේරාගැනීමට නම් නාමල් ජනාධිපතිධුරයට පත්කළ යුතුයි- ඥානසාර හිමි ?,0
70,විෂ දුම පහ වෙනතෙක් රට වසා දමන ලෙස නලින්ද ජයතිස්ස පැවසුවා ද?,0
71,කොළඹ වරාය ජාඇළට ගෙන යන්න ජනපතිගෙන් තීරණයක්?,1
72,මහනුවර අම්පිටියේ සිසුවෙකුට ගිනි තැබීමේ සිදුවීමට ජවිපෙ සම්බන්ධ කරමින් හුවමාරු වන ව්‍යාජ පුවත් සංස්කරණයක්!,1
73,"සාරි වෙනුවට පහසු ඇඳුමකින් පාසල් ගිය තිලිණි ෂැල්වින්, ටිල්වින්ගේ දියණියක් ද ?",0
74,අලුත් ආණ්ඩුවක් පත්වන තුරු ලංකාවට ණය හෝ ආධාර ලබානොදීමට G7 කණ්ඩායමෙන් තීන්දුවක් ගෙන නැහැ!,1
75,අලුත් රැකියා ලක්ෂ 510ක් ලබා දෙන බවට විපක්ෂ නායකගෙන් ප්‍රකාශයක්?,0
76,"පසුගිය මානව හිමිකම් සමුළුවල දී ඉන්දියාවෙන් ලැබුණු සහය, නව ජනාධිපතිවරයාට මෙවර අහිමි වුණාද?",1
77,රාජ්‍ය ඇමතිවරුන්ගේ භාවිතය සදහා එක අයෙකුට 8 බැගින් වාහන 296 ක්??,1
78,"සනත් නිශාන්තගේ ගිනිබත් වූ නිවසට, රජයෙන් ලැබුණු කෝටි දෙකක වන්දියක්?",1
79,ලංකාවට මුදල් එවන ලෙස විදේශගත ශ්‍රමිකයන්ගෙන් හඳුන්නෙත්ති ඉල්ලීමක් සිදු කළාද?,0
80,ගෝල්ෆේස් එකට ගොඩ ගහන්නෙ රනිල් පැහැරගෙන ගිහින් මරපු අරගලකරුවන්ගේ සිරුරු බව පුබුදු ජයගොඩ ප්‍රකාශ කළාද?,0
81,“ජනාධිපතිතුමා රන්ජන්ට සමාව නොදෙන එක සාධාරණයි” හරීන් පැවසුවා ද?,0
82,"ත්‍රිරෝද රථ හිමියන්ට ඉන්ධන මදි නම්, වෙන රැකියාවක් කරන්න – ඇමති කාංචන ?",0
83,ජවිපෙ කුහකකම මේ රටේ නැත්නම් රට සංවර්ධනය කරන්න බැරිකමක් නෑ – නන්දන ලොකුවිතාන ?,1
84,මහාචාර්ය තිස්ස විතාරණ හදිසි නීතිය පැනවීමට පක්ෂව ඡන්දය ලබා දුන්නා ද?,0
85,"රනිල් වෙනුවෙන් ජනපති මැතිවරණයට සහය පැතීමට වජිර අබේවර්ධන, ඥානසාර හිමි හමුවෙයි?",0
86,ජනාධිපතිවරණය සඳහා මන්ත්‍රීවරුන් සම්බන්ධීකරණයට එජාපයෙන් පත් කළ දිස්ත්‍රික් නායකයින්ගේ ලිපියක් ?,0
87,කුමාර් ගුණරත්නම් අත්අඩංගුවට ?,0
88,"හිටපු අගමැති මහින්ද රාජපක්ෂ, මේ දිනවල දැඩි ලෙස රෝගාතුරව සිටින බවක් හැඟෙන සේ පළවන ප්‍රචාර අසත්‍යයි !",1
89,අරාබියේ ADNOC තෙල් සමාගමේ අධ්‍යක්ෂකවරුන් භාගයක්ම ලාංකිකයන් ද?,0
90,සුනිල් රත්නායකට ලබාදුන් ජනාධිපති සමාව ඉවත් කරන ලෙස ඉල්ලා ජවිපෙ අධිකරණයට ?,0
91,රුසියාව ඉන්ධන ලබා නොදෙන බවට බලශක්ති ඇමති ප්‍රකාශ කළාද?,0
92,අකමැත්තෙන් වුවත් රුපියල් 121ට ඉන්ධන ලබාගත් බව විජිත හේරත් පැවසුවා ද?,0
93,ගෝඨාභයට අප්‍රසාදය පළ කිරීමේ යෝජනාවට එරෙහිව රනිල් ඡන්දය පාවිච්චි කළාද ?,0
94,ශ්‍රී ලංකාවේ තත්ත්වය පාලනය කිරීමට මැදිහත් වෙන ලෙස අනුරගෙන් ඉන්දීය විදේශ අමාත්‍යවරයාට ලිපියක් ?,0
95,අගමැති ධුරයට පත්වීමේ සතුටට නර්ථනයක යෙදෙන රනිල් ?,1
96,"ගෝඨා ජනාධිපතිධූරයේ සිටියදී , මා අගමැතිවීම ස්ථිරයි – සජිත් ?",0
97,අගමැති ධුරයෙන් මහින්ද රාජපක්ෂ ඉල්ලා අස් වන බවට නාමල්ගෙන් ට්විටර් පණිවිඩයක් ?,0
98,යක්ෂයන්ගේ මුහුණු සහිත කමිස හැදි සජබ මන්ත්‍රීවරු ?,0
99,රනිල් හොරුන්ව ආරක්ෂා කළ බවට චෝදනා කරන සටන් පාඨයක් අතැතිව උද්ඝෝෂණයක යෙදී සිටින භාගේශ්වරී?,0
100,අනුර – සජිත් දෙදෙනාත් පැන්ඩෝරා පේපර්ස් වලට ඇතුළත්ද ?,0
101,විජිත හේරත් මත්පැන් බෝතලයක් පසෙකින් තබාගෙන ආහාර ගන්නා අවස්ථාවක්?,0
102,කොවිඩ් ආසාදිත බැසිල් සිනහමුසු මුහුණින් රෝහල්ගත වී පසුව රහසේම රටිනුත් පිටවුණාද ??,0
103,TIME සඟරාවේ ප්‍රධාන කවරයේ ගෝඨාභය රාජපක්ෂ ලෝකයේ නරකම ජනාධිපති ලෙස සඳහන් කළාද?,0
104,ලංකාවේ අර්බුදකාරී තත්වය අතරතුර ඉන්දියන් හමුදාවත් ලංකාවට ?,0
105,"මිරිහාන උද්ඝෝෂණයේ යෙදුනු ජනතාව, චතුර සේනාරත්නව එතනින් එලවා දැමුවාද ?",0
106,පෝලිම් යුගය පැය 24 න් අවසන් කළ හැකි බව විජිත හේරත් පැවසුවා ද?,0
107,කනක හේරත්ගේ මොරට රථයට ගෑස් සිලින්ඩර ප්‍රහාරයක් ?,0
108,රූපවාහිනියෙන් ඉවත්වී පාරමී රණසිංහ “සිරස” සමග එක්වෙයි??,0
109,විපක්ෂ නායක සජිත් ප්‍රේමදාස මහතා අගමැති ධුරයට පත් කිරීමේ තීරණයක්?,0
110,"“අපි ආවත් පෝළිම් තියයි, හැබැයි මිනිස්සු පෝළිමේ ඉන්නේ සතුටින්” හඳුන්නෙත්තිගෙන් ප්‍රකාශයක්?",0
111,මහින්ද රාජපක්ෂ ඇතුළු පිරිසක් බයිසිකලේ නැග පාර්ලිමේන්තු ආවේ ඉන්ධන මිල වැඩිවීමකට එරෙහිවද ?,1
112,ලයිට් කපන්න උනේ ජනතාව විදුලිය ගබඩා කර ගත්ත නිසා – ජොන්ස්ටන්?,0
113,දොළවත්ත සහ විදුර වික්‍රමනායක ගැන තීරණයක් ගත යුතු බවට ඇමති කංචන පැවසුවාද?,0
114,රිෂාඩ් බදියුද්දින් බලශක්ති අමාත්‍ය ධුරයට යෝජනා වේ?,0
115,2024 දී ජවිපෙ රජයක් ලබාගත නොහැකි වුවහොත් දේශපාලනයෙන් සමු ගන්නා බවට විජිත හේරත් පැවසුවාද?,0
116,හිටපු ජනාධිපති මහින්ද රාජපක්ෂ ලෝකයේ දූෂිතම ජනාධිපතිවරු 5 දෙනා අතරට?,0
117,කිරි සමන් සහෝදරයාගේ සහායත් මාලිමාවට ?,0
118,ඉදිරි අවුරුදු පහේ පසුතැවිල්ලක් නොවී සිටීමට ඡන්දය මාලිමාවට දෙන ලෙස පේෂල මනෝජ්ගෙන් ඉල්ලීමක්?,0
119,පොර්ට් සිටිය නැරඹීමට පැමිණෙන අය සම්බන්ධයෙන් හඳුන්නෙත්තිගෙන් ප්‍රකාශයක්?,1
120,88/89 යුගයේදී දෙමාපියන් ඝාතනය කළ ජවිපෙට ඡන්දය නොදෙන බවට කුමාර ධර්මසේනගෙන් ප්‍රකාශයක් ??,0
121,වෛද්‍ය රාජිත සේනාරත්න මියගිය බවට අසත්‍ය ප්‍රචාරයක්!,0
122,සුසිල් ප්‍රේමජයන්ත ජවිපෙ සමග එක්වෙයි ?,0
123,"රනිල් වික්‍රමසිංහ, ජවිපෙ සමග නව සන්ධානයක් පිහිටුවීමේ තීරණයක්?",1
124,ජුබිලි කණුවේ කිරි පෝලිම් ගැන අසත්‍ය තොරතුරු පැතිරවූ ජවිපෙ සාමාජිකයින් දෙදෙනෙකු CID භාරයට ??,1
125,මාධ්‍යවේදී චමුදිත සමරවික්‍රමත් මාලිමාවට එක්වෙයි ??,0
126,ඇමැති ප්‍රසන්න රණතුංගට තලවතුගොඩ හෝටලයකදී ජනතාවගෙන් හූ ප්‍රහාරයක්?,1
127,හිටපු ජනාධිපතිනි චන්ද්‍රිකාගෙන් ජනතා විමුක්ති පෙරමුණ දැඩිව විවේචනය කරමින් ප්‍රකාශයක්?,1
128,"තිස්ස කුට්ටිආරච්චිට අලුත් ප්‍රාඩෝ රථයක්, ආණ්ඩුවෙන් තෑගි?",0
129,ශ්‍රී ලංකා නිදහස් පක්ෂය සමග එකතුවීමට අකමැත්තක් නැති බවට අනුර කුමාරගෙන් ප්‍රකාශයක්?,0
130,ශ්‍රී ලාංකික පුරුෂයන්ට ස්ත්‍රීන් දෙදෙනෙකු සමග විවාහ වීමට අවසර ලබාදෙන කෙටුම්පතක් ?,0
131,අනුර කුමාරගේ මීඩියා කැම්පේන් එක දැන් කරන්නේ බැසිල් රාජපක්ෂ බවට කුමාර් ගුණරත්නගෙන් ප්‍රකාශයක් ?,0
132,මහින්ද රාජපක්ෂ සමග තමා පෙනී සිටින සියලු ඡායාරූප ඉවත්කරන ලෙස බ්‍රිතාන්‍ය මහ රැජිනගෙන් BBC යට ඉල්ලීමක් !,0
133,ජනතා විමුක්ති පෙරමුණ හා එහි තරුණ සංගමය සම්බන්ධ නොමඟ යවන සුළු සටහන්!,0
134,අඳ ගොවීන් සම්බන්ධයෙන් ජනාධිපති සහ විපක්ෂ නායක විසින් සිදු කළ ප්‍රකාශයක්ද?,0
135,මූසල දෙවසර නමින් මෑතකදී ආණ්ඩු පක්ෂයේ උද්ඝෝෂණයක්?,0
136,LPL ගහන්නේ ආණ්ඩුවේ සල්ලි වලින් බවට විපක්ෂනායක වරයාගේ ප්‍රකාශයක්?,0
137,කෝටි 28 ක ගණුදෙනුවට ඇමති ජොන්ස්ටන් සම්බන්ධ බවට ලංකාදීප වාර්තා කරාද?,0
138,එළැඹෙන මැතිවරණයේදී ඡන්දය ජවිපෙට ලබා දෙන ලෙසට ශිහාන් මිහිරංගගෙන් ඉල්ලීමක් ?,0
139,2022 අයවැය යෝජනාවෙන් අමාත්‍යවරුන් හා ආයතන ප්‍රධානීන්ට ලබාදෙන ඉන්ධන දීමනා මුළුමනින් කපා දැමුවාද?,0
140,මහබාගේ අනතුරේ 16 හැවිරිදි තරුණයාගේ පියා ජාතික ජන බලවේගයේ ඉස්මයිල් ආබ්දීන් ද?,0
141,බිමල් රත්නායකගේ බෙන්තර සුපිරි නිවස?,0
142,ඉදිරි ජනාධිපතිවරණය සඳහා ජ.වි.පෙ ප්‍රචාරණ කටයුතු වෙනුවන් Ogilvy සිදුකළ යෝජනාවක්?,0
143,ගෑස් මිල ඉහළ යාම සම්බන්ධයෙන් ජවිපෙ නායකයා පැවසූ බවට පළවන ව්‍යාජ සටහන් පෙළක්.,1
144,අමාත්‍ය උදය ගම්මන්පිලගේ බිරිඳට ඉරානයේ දී ෆර්දාවක් ඇන්දුවද?,0
145,ජාතික ජන බලවේගයේ නායකයන් සම්බන්ධ කර ගනිමින් පළවූ ව්‍යාජ සහ නොමඟ යවන සුළු සටහන් පෙළක්!,1
146,පැන්ඩෝරා පත්‍රිකා පළ කරන්නේ කොටි ඩයස්පෝරා සමාගමක් බව බැසිල් පැවසුවාද ?,0
147,අනුර කුමාර දිසානායක යනු මව්බිමේ අවසන් බලාපොරොත්තුව බවට අභිෂේකා පැවසුවාද?,0
148,කොරෝනා පාලනය වී ඇත්තේ රජය හරි තීන්දු ගත් නිසා බවට රෝසිගෙන් මෑතක දී ප්‍රකාශයක්?,1
149,එක්සත් ජාතීන්ගේ සමුළුවේ දී ජනාධිපති ගෝඨාභයගේ කතාව අතරතුර සභා ගැබේ සිටි පිරිසක් ඉන් ඉවත්වුණා ද?,0
150,විපක්ෂ නායකවරයාගේ පෞද්ගලික රියැදුරු නිධන් හාරා පොලිස් අත්අඩංගුවට?,0
151,මංගල සමරවීර මහතාගේ මරණය සම්බන්ධයෙන් නලින්ද ජයතිස්ස මහතා සිදු කළ බව පැවසෙන ව්‍යාජ ප්‍රකාශයක් !,1
152,පැරා ඔලිම්පික් ශුරයා පිළිබඳ බිමල් රත්නායක දැක්වූ අදහස් බවට ව්‍යාජ සටහනක්!,1
153,මෙරට එන්නත්කරණයේ දී කොටසකට වතුර එන්නත් කරන බවක් බැසිල් කිව්වා ද?,1
154,නලින්ද ජයතිස්ස මහතා චීන එන්නත් පිළිබදව සිදුකළ ප්‍රකාශයක් සහ ජාතික ජන බලවේගය විසින් නම් කළ ඡායා කැබිනෙට්ටුවක්?,0
155,ලංකාවේ නිෂ්පාදිත ඇන්ටිජන් කට්ටලයක් දැන් රු.80 කට?,0
156,ඇෆ්ගනිස්තාන විප්ලවයට ජවිපෙන් සුබාශිංසන?,0
157,නව මුදල් ඇමති විසින් ආහාර කිහිපයක් සඳහා නව බදු පැනවුවා ද?,1
158,බදුයුදීන් බේරාගන්න කාදිනල්තුමා හමුවට ගිය විපක්ෂ නායකවරයාව කාදිනල්තුමා බැනලා පන්නගත්තද?,0
159,මහින්ද ජයසිංහගේ බිරිඳටත් ඩෙල්ටා ප්‍රභේදය වැළදෙයි ?,0
160,කතානායකවරයා මැදිහත්ව කාපට් කළ මාර්ගයේ වළවල්?,0
161,බිමල් රත්නායකගේ නිවසේ ළමා මෙහෙකාරියක් සිටි බවට පළ වූ පුවතක්?,0
162,අර්ථසාධකය ලක්ෂ 7 ට වැඩි නම් 14% ක බද්දක්?,0
163,පෝට්සිටි පනතට දැක්වු සහයට පෝට්සිටි ලොක්කාගෙන් රනිල්ට ස්තූතිය?,0
164,“ගුරු වැටුප් වැඩි කරන්න සල්ලි නෑ. එන්නත ගේන්න සල්ලි තියෙනවා” යනුවෙන් ස්ටාලින් පැවසුවාද?,0
165,වරකාපොළ හිටපු ප්‍රාදේශීය සභාපතිවරයෙකුට මෑතක දී ජනපති සමාව හිමිවුණා ද?,0
166,රනිල් වික්‍රමසිංහට බ්‍රිතාන්‍ය නයිට් පදවියක් ?,0
167,"අත්සන් කරන්න දීපු පෑන, බැසිල් රාජපක්ෂා මහතා සාක්කුවේ දා රැගෙන ගියා ද?",0
168,ලංකාවේ තියෙන්නේ කාබනික පොහොර මාෆියාවක් යනුවෙන් නලින්ද ජයතිස්ස පැවසුවාද?,1
169,වියත්මග සභාපතිකම නාමල්ට ලබාදීම පිළිබඳ සාකච්ඡාවක්?,0
170,Forbes සඟරාව ශ්‍රී ලංකාවේ ධනවත්ම දේශපාලඥයින් දස දෙනාගේ වත්කම් හෙළි කළාද?,0
171,සෞඛ්‍ය සේවයේ පිං පඩි කාරයන් ගැන උපුල් ගලප්පත්ති කිව්වද?,1
172,මනීශා චංචලා රංගන ශිල්පිනිය සජිත් ප්‍රේමදාස මහතා වෙනුවෙන් සහය දක්වන ආකාරයේ ඡායාරුපයකට පෙනී සිටියා ද?,0
173,රනිල් වික්‍රමසිංහ විපක්ෂ නායක කරන ලෙස ජවිපෙන් ඉල්ලීමක්?,0
174,X Press Pearl නෞකාවෙන් වෙරළට ගසා ගෙන ආ කොටස් ලබා ගැනීමට වෙරළට පැමිණියේ ජ.වි.පෙ තොප්පියක් දමාගත් පුද්ගලයෙක්?,0
175,අනුරගෙන් WHO අධ්‍යක්ෂ ජනරාල්ට ලිපියක්?,0
176,PORT CITY COLOMBO (PVT) LTD චතුර කබ්රාල්ට අයිති සමාගමක් ද?,0
177,චීන තානාපති කාර්යාලයෙන් සිරසට සුබපතා ට්විටර් පණිවුඩයක්?,1
178,කොළඹ වරාය නගරය සඳහා වෙනම විදේශ ගමන් බලපත්‍රයක්?,0
179,වරාය නගර පනත් කෙටුම්පත් ඡන්ද විමසීමේ දී සජිත් ඡන්දය දීමෙන් වැළකී සිටියා ද?,0
180,නාමල්ගේ ඇඳන් 10000 ව්‍යාපෘතියට සුදර්ශනී බාධා කළා ද?,0
181,කොවිඩ් පොසිටිව් වී සුනිල් හඳුන්නෙත්ති මහතා IDH රෝහලේ ප්‍රතිකාර ලබාගත්තා ද?,0
182,අනුරකුමාර හා සමන්රත්නප්‍රිය රාත්‍රී සමාජ ශාලාවක හමුවුණා ද?,0
183,වතුපිටිවල රෝහලේ හදිසි ප්‍රතිකාර මධ්‍යස්ථානය උත්සවශ්‍රීයෙන් විවෘත කරලා?,1
184,බටන් එකක් ඔබා ආසදිතයෝ හොයන්න තිබ්බා යනුවෙන් සජිත් පැවසුවා ද?,0
185,පාතාල කල්ලි සාමාජිකයන්ගේ මරණ වලට ජ.වි.පෙ බැනර් ගැහුවද?,0
186,වෛද්‍ය නලින්ද ජයතිස්ස මහතාගේ නිල ෆේස්බුක් සටහනක් ලෙස හුවමාරු වූ ව්‍යාජ සටහනක්!,1
187,ජාතික වෘත්තීය සමිති මධ්‍යස්ථානය විසින් ආරක්ෂක අංශවල අයිතිවාසිකම් සුරක්ෂිත කිරීමට වෘත්තීය සමිති පිහිටුවීමේ උත්සාහයක?,0
188,මිනිස්සූ දාහක් දෙදෙහාක් මැරුණට මොකක්ද ප්‍රශ්නේ යනුවෙන් ජොන්ස්ටන් පැවසුවාද?,1
189,ගණිකා ව්‍යාපාරය නීතිගත කිරීම ගැන අමාත්‍ය කාංචනගේ ප්‍රකාශයක්?,0
190,"පාර්ලිමේන්තුවේදී අනුර කුමාර, ජොන්ස්ටන්ට බැන්නද?",0
191,පොල්තෙල් වෙනුවට මාගරින් යොදා ගන්නා ලෙස ශෙහාන් සේමසිංහ පුවත්පතකට පැවසුවාද?,1
192,කසිප්පු නිෂ්පාදකයන් ආර්ථිකයේ ප්‍රධාන කොටස්කරුවන් කරන බවක් ප්‍රසන්න රණවීර පැවසුවා ද?,0
193,විෂ පොල්තෙල් ටිකක් කෑවට මැරෙන්නේ නෑ යනුවෙන් විමල් වීරවංශ පැවසුවාද?,0
194,"නාමල් රාජපක්ෂගේ බලපෑමෙන්, ශ්‍රී ලංකන් ගුවන් සේවයේ නිලධාරීන් සේවයෙන් ඉවත් කළාද?",0
195,රජය සුළු ජාතීන්ට අයත් භූමි උදුරගන්නවා යනුවෙන් සජිත් කිව්වා ද?,0
196,"ජනතා විමුක්ති පෙරමුණ, එහි නායකයින් සහ රතු තරුව සහන සංවිධානය අළලා පළවූ ව්‍යාජ සටහන් පෙළක්!",1
197,හදිසි මරණ පරීක්ෂක (මුස්ලිම්) යනුවෙන් නව තනතුරක් ?,0
198,උවිඳු විජේවීර සම්බන්ධයෙන් ජවිපෙ නායකයින් පැවසු බවට හුවමාරු වූ ව්‍යාජ සටහන් පෙළක්!,1
199,පරාජිතයින් පරිසරවේදීන් ලෙස ද පැමිණිය හැක යනුවෙන් පුවරුවක් සමඟ සජිත් විරෝධතාවයක?,0
200,"දෙමළ, මුස්ලිම් ජනතාව මරාගෙන මැරෙන තැනට තල්ලු කරේ මෙරට සිංහල බෞද්ධයෝ යනුවෙන් අනුර පැවසුවා ද?",0
201,මොහොමඩ් ඊබ්‍රාහීම්ව ජාතික ලැයිස්තුවට ඇතුල් කිරීම සම්බන්ධයෙන් ලාල් කාන්ත ප්‍රකාශයක් ඉදිරිපත් කළාද?,0
202,මොහොමඩ් ඊබ්‍රාහීම්ව ජාතික ලැයිස්තුවට ඇතුල් කිරීම සම්බන්ධයෙන් ලාල් කාන්ත ප්‍රකාශයක් ඉදිරිපත් කළාද?,0
203,ජාතික ජන බලවේගය සහ වසන්ත සමරසිංහ මහතා අලලා පළවූ ව්‍යාජ සංස්කරණ පෙළක්!,1
204,පාස්කු ප්‍රහාරය හා සම්බන්ධ සංවිධාන සමඟ රජයේ ප්‍රබලයින් සමීප සම්බඳතා පැවැත්වූ අවස්ථා?,0
205,හරීන් ප්‍රනාන්දු මහතාගේ බවට සඳහන් කරමින් ෆේස්බුක් තුල හුවමාරු වන ව්‍යාජ සාමන්‍ය පෙළ සහතිකයක්!,1
206,"බිමල්, නෙල්ලි කෝලා පානයේ කෙමිකල් ගැන පැවසුවද?",0
207,නීතිඥ උපුල් කුමාරප්පෙරුම අළලා උපහාසාත්මක කෝණයකින් පළවූ අසත්‍ය සටහන් පෙළක්!,1
208,"ප්‍රජා අයිතිය රැකගන්න, හිටපු ජනපතිතුමා අනුරාධපුරේ ඥානක්කා හමුවීමට ගියා ද?",0
209,“හම්බන්තොට දසදහසකට තවමත් වැසිකිළි නැහැ” යනුවෙන් සඳහන් වී තිබු පුවත් පිටුවක් මහින්ද රාජපක්ෂ මහතා කියවන අවස්ථාවක් ද?,0
210,73 වන නිදහස් දින සැමරුම් උත්සවයේ දී ජනපතිඳුන් සිටි වේදිකාවේ පසුබිම සැකසුමේ “උළෙල” වචනයේ අක්ෂර වින්‍යාසය නිවැරදි ද?,1
211,"අලිසබ්‍රිට ඔහුගේ පලමු කසාදය, කාති උසාවි පිහිටෙන් ඉතාමත් පහසුවෙන් කටුගාදමා දැමුවා ද?",0
212,බිමල් රත්නායක මහතාගේ බාල වයස් දියණිය පැදවු සුඛෝපභෝගි රථයක් මෑතකදී අනතුරකට ලක්වුණා ද?,0
213,ක්‍රීකට් ක්‍රීඩාව සහ මෑත කාලීන සිදුවීම් අළලා ජනතා විමුක්ති පෙරමුණේ සහ එහි ක්‍රියාකරුවන්ගේ අදහස් ලෙස සැකසණු සාවද්‍ය සටහන් පෙළක්!,1
214,නිදහස් දින ජාතිය අමතන ජනාධිපති ගෝඨාභය රාජපක්ෂ මහතා ශ්‍රී ලංකාව මෙවර සමරන්නේ 63 වන නිදහස් උත්සවය යනුවෙන් පැවසුවා ද?,1
215,බහුතර මුස්ලිම් ඡන්ද නොතිබෙන්න මේ ආණ්ඩුවට දිනන්න බෑ යනුවෙන් අධිකරණ ඇමති අලි සබ්‍රි මහතා පැවසුවා ද?,0
216,ඉන්දියාවෙන් ප්‍රදානය කරන ලද බාල කෝවිඩ්-19 එන්නත ප්‍රතික්ෂේප කරන ලෙස ජ.වි.පෙ. නායකයින් පවසා තිබුණා ද?,0
217,සුනිල් හඳුනෙත්ති සහ බිමල් රත්නායක මහතුන් අළලා ඉදිරිපත්වී ඇති අසත්‍ය සටහන් පෙළක්!,1
218,නැගෙනහිර ජැටිය සංවර්ධනය කරන්න දැණුමක් ලාංකීය ඉංජිනේරුවන්ට නොමැති බව නාමල් රාජපක්ෂ මහතා ප්‍රකාශ කළාද?,0
219,අලුතින් මුස්ලම් කාති උසාවි සීයයක් පිහිටුවන බවට ජනාධිපති පොරොන්දු වු බවට අධිකරණ ඇමති අලි සබ්‍රි පැවසුවා ද?,0
220,සැප්තැම්බර් මාසයේ දී පමණක් බාලවයස්කාර දැරියන් දූෂණය කිරීමේ සිද්ධි 168ක් පිළිබදව වාර්තා වෙලාද?,1
221,‘ඉදිරියේ දී එල්ල විය හැකි සයිබර් ප්‍රහාරයක්’ යන ලිපිය සත්‍ය එකකි.,1
222,පෙබරවාරි 20 වැනිදා රාත්‍රියෙන් පසු ජනපතිට පාර්ලිමේන්තුව විසුරුවන්න පුළුවන් ද ?,1
223,මාධ්‍යවේදීන්ට ‘ටයි පටියක්’ පලඳින්න කිව්ව ද ?,1
224,මහජන ආරක්ෂක අමාත්‍ය ආචාර්ය සරත් වීරසේකර මහතා අළලා ඉදිරිපත්ව ඇති සංස්කරණය කරන ලද සටහන් පෙළක්!,1
225,දුලීකා මාරපන රංගන ශිල්පිනිය පාස්කු ප්‍රහාරය හා හරීන් ප්‍රනාන්දු සම්බන්ධයෙන් ප්‍රකාශයක් සිදුකරමින් වීඩියෝ පටයකට පෙනී සිටියාද?,0
226,නැවත උපත ලද කිතුණුවෙකු (Born Again Christian) ලංකාවේ ජනාධිපති විය හැකි බවට ඉරාන් වික්‍රමරත්න මහතා පැවසුවා ද?,0
227,වෛද්‍ය සාෆි වඳ සැත්කම් කරන බව මා මුලින්ම දැනගත්තේ නාථ දෙවියන් හා විපස්සක දෙවියන් හරහා – මහාචාර්ය චන්න ජයසුමන?,0
228,සමගි ජන බලවේගයේ මන්ත්‍රී කණ්ඩායම් රැසවීමේදී පාඨලී චම්පික රණවක මහතා පිහිටුවීමට අදහස් කරන සංවිධානයක් පිළිබඳව දැඩි විරෝධයක්?,0
229,පාස්කු ඉරුදින ප්‍රහාරයට වගකිව යුතු අයට දඬුවම් ලබා දෙන්නේ පළාත් සභා මැතිවරණයෙන් පසුව බව ජනපති නත්තල් දින පණිවුඩයෙන්?,0
230,මේ මොහොතේ මහජනතාව ඉල්ලන්නේ කොවිඩ් එන්නත් නෙවෙයි පලාත්සභා මැතිවරණයක් යනුවෙන් ප්‍රසන්න රණතුංග පැවසුවා ද?,0
231,ඇමති අලි සබ්රි ඉල්ලා අස්වෙයි – ජනාධිපති භාර නොගනී? බැදුම්කර නඩුව ඉදිරියට ගෙන යන්නට බැහැ – අලි සබ්රි ?,0
232,"ගම්මන්පිල සහ ශෂේන්ද්‍ර ඇමතිවරුන්, කාන්තාවන් තිදෙනෙකුද සමඟ ඉදිරිපස අසුන්ගෙන, මහ සඟරුවනට පිටුපස අසුන් පැනවූවාද?",0
233,කොරෝනා ආසාදනයට අත්හදා බලන දේශීය පැණිය සම්බන්ධයෙන් ජවිපෙ ප්‍රධාන ක්‍රියාකාරීන්ගේ මත ලෙස ඉදිරිපත් වූ ව්‍යාජ සටහන්!,1
234,තමාට සහය දුන් පිරිසට PFIZER එන්නත ලබාදීමට ජනපති තීරණය කල බව හැඟවෙන පරිදි පළවූ සාවද්‍ය සටහනක්!,0
235,කොළඹ අඩු ආදායම්ලාභීන් සඳහා පන්නරය සන්නාමය භාවිතා කරමින් පාඨලී චම්පික රණවක මහතා වියළි ආහාර මලු මෑතකදී බෙදා දුන්නා ද?,0
236,ශ්‍රී ලංකා ක්‍රිකට් කණ්ඩායමට ක්‍රීඩකයින් තෝරා ගැනීමේදී සුළු ජාතික ක්‍රීඩකයින් 3 දෙනෙකු ඇතුලත් කිරීමට යෝජනාවක්?,0
237,කොවිඩ් සම්බන්ධයෙන් සොයාගෙන ඇති සිංහල බෙහෙත පිලිබඳව සජිත් ප්‍රේමදාස මහතා ලංකාදීප පුවත්පතට ප්‍රකාශයක් සිදුකලා ද?,0
238,දුම්රිය මැදිරි දේශීයව නිශ්පාදන කටයුතු ආරම්භ කිරීම සම්බන්ධයෙන් නොමඟ යවන සුළු සටහනක්!,1
239,දුරකථන ගෙන්වා මුල්‍ය වංචාවක් කිරීම සම්බන්ධයෙන් හරීන් ප්‍රනාන්දු මහතාව අපරාධ පරීක්ෂණ දෙපාර්තමේන්තුවට කැඳවූවාද?,0
240,උඩුගම්පොළ පලාත් මාර්ග සංවර්ධන අදිකාරි කාර්යාලයේදී කාන්තාවකට පහරදීම සිදුකර තිබුනේ ප්‍රසන්න රණතුංග ඇමතිගේ දේශපාලන මැරයෙක් ද?,0
241,මන්ත්‍රී වැටුප් වැඩි කරන්න යැයි විපක්ෂයේ සංවිධායක ලක්ෂ්මන් කිරිඇල්ලගෙන් ඉල්ලීමක්?,0
242,ලේ පැල්ලම් සහිත ස්ටිකර ඇලවු කමිස පැළඳ විපක්ෂ මන්ත්‍රීන් පිරිසක් විරෝධය පෑවේ පාතාල නායකයෙකුගේ මරණයට ද?,0
243,රනිල් වික්‍රමසිංහ මහතා ආණ්ඩු බළය ගන්න පිරිත් පැන් වත් කල අවස්ථාවක් ද?,0
244,ජනාධිපති ගෝඨාභය රාජපක්ෂ මහතා විසින් පරිහරණය කරන බෙන්ස් රථයක් පිළිබඳව ඉදිරිපත්ව සටහන් පිලිබඳ කරුණු අනාවරණයක්!,1
245,රිෂාඩ් බදුර්දීන් සඟවා ගෙන සිටියේ දෙහිවල ගල්කිස්ස නගර සභාවේ ජනතා විමුක්ති පෙරමුණේ නාගරික මන්ත්‍රීවරයකු ද?,0
246,කමල් ගුණරත්න මහතා රිෂාඩ් බදියුදීන්ගේ ගුණ ගැයූ බවට පළවූ නොමඟ යවන සුළු සටහන්,1
247,ගුවන් තොටුපල විවෘත කිරීම සම්බන්ධයෙන් සංචාරක අමාත්‍ය ප්‍රසන්න රණතුංග අළලා පළවූ අසත්‍ය සටහන් පෙළක්!,1
248,අගමැති විසින් චීන කොමියුනිස්ට් නියෝජිතට ලංකාව හැඩයේ සමරු පින්තූරයක් ලබාදුන්නා ද?,0
249,මුලතිව් ගුරුකන්ද විහාරාධිපති හිමිගේ අවමංගල්‍යයට බාධා කළේ මෑතකදී පත්වූ රාජ්‍ය අමාත්‍ය වියාලේන්ද්‍රන්ද?,0
250,තමාට ඡන්දය දුන් අයට බඩු මිල ප්‍රශ්නයක් නොවේය යනුවෙන් ජනපති ප්‍රකාශයක් සිදුකර නැත!,1
251,මාධ්‍යවේදී ෂැකී ජබාර්ගේ මරණය ඇතුළු කරුණු පිළිබඳව ජනතා විමුක්ති පෙරමුණ අලලා පළවූ සාවද්‍ය සටහන්!,1
252,මොහොමඩ් නවාස් මහතාට අභියාචනාධිකරනයේ සභාපති ධූරය මෑතකදී ලබා දුන් බවට හැඟවෙන ව්‍යාජ පුවතක්!,1
253,ජනපති වෙත පරිසරවේදීන්ට විරුද්ධව හඬක් නැගුවේ ලංකාගම වැසියෙකු නොවන බවට පළවූ අසත්‍ය සටහන් පෙළක්!,1
254,කිස්ට්සෝස් වෙළඳ දැන්වීමේ සිටින්නේ පාඨලී චම්පික බවට උපහාසාත්මක කෝණයකින් පළවූ සාවද්‍ය ප්‍රකාශයක්!,1
255,අපේ ජන බල පක්ශයේ ජාතික ලයිස්තු ධුරය වෙනුවෙන් ඇතිවූ ගැ‍ටුමක් යනුවෙන් හුවමාරු වූ වීඩියෝවක්!,0
256,ටෙහානි ඉමාරා වියත්මග සාමාජිකාවක් බවට උපහාසාත්මක සටහනක්!,0
257,වත්මන් නීතිපති දෙපාර්තමේන්තුව විසින් MCC ගිවිසුම නිසා ශ්‍රී ලංකාවේ කිසිඳු නීතියක් උල්ලංඝණය නොවන බවට සහතිකයක් ලබා දුන්නාද?,0
258,ලොව මෝඩම ඡන්ද දායකයින් සිටින්නේ ලංකාවේද ?,0
259,අගෝස්තු 5 වැනිදා රාත්‍රියේ සිට වරාය පාලනය හමුදාව යටතට ගැනීම පිලිබඳ ජනපති තුමා නියෝග කල බවට සාවද්‍ය පුවතක්!,1
260,පියල් නිශාන්තගේ හොර කසිප්පු ස්කාගාරයක් වැටලුවාද?,0
261,සාගම චෛත්‍යය ඩෝසර් කිරීමේ සිද්ධිය සජිත් ප්‍රේමදාස සංස්කෘතික ඇමැති සමයේ සිදුවූ බවට සාවද්‍ය ප්‍රකාශ පෙළක්!,1
262,අගමැති මහින්ද රාජපක්ෂ මහතා හැරමිටි වාරුවෙන් ඇවිදින බව පෙන්වීමට යොදාගත් සාවද්‍ය ඡායාරුප සටහනක්,1
263,ජනපති ජුලි මස 05 වැනිදා රුවන්වැලිසෑය වැඳ පුදා ගැනීමට පැමිණෙන බැවින් මළුවේ සිල් සමාදන් වී සිටි අය රාත්‍රීයෙදී ඉවත් කෙරුණු බවට සාවද්‍ය පුවතක්!,1
264,2019 වසරේ කර්මාන්තශාලාවක සේවකයන් පිරිසක් සිදු කල නර්තනයක් UNP පක්ෂයේ නර්තනයක් ලෙස පෙන්වා දීමක්!,1
265,තමිල්නාඩු කොරෝනා රෝගීන් මෙරටට ගෙන්වා ප‍්‍රතිකාර කල යුතු බව සම්පන්තන් මහතා ප්‍රකාශ කර නොමැත!,1
266,විජිත හේරත් මහතා 2016 දී නාරාහේන්පිටින් ඉඩමක් ගත් බවට පළවූ සටහනක්,0
267,2017 රැලියකදී එල්ල වූ ප්‍රහාරයක් ජුනි 9 රැළියේ දුමින්ද නාගමුව මහතාට එල්ලකළ ප්‍රහාරයක් ලෙස පෙන්වීමක්!,0
268,ගල්කිස්ස වෙරළ ප්‍රතිපෝෂණ ව්‍යාපෘතිය හිටපු ඇමති පාඨලී යටතේ සිදුවූ බවට පළවූ සාවද්‍ය සටහන් පෙළක්!,1
269,වාලච්චේන කඩදාසි කම්හල නැවත විවෘත කිරීම සම්බන්ධව වසන්ත සමරසිංහ මහතා කලා යැයි පැවසෙන සාවද්‍ය පුවතක්!,1
270,රජයේ සේවයේ මැයි මස වැටුප පරිත්‍යාග කිරීම සදහා භාවිතාකල යුතු ආකෘති පත්‍රයක් ?,0
271,ලක්ෂ්මන් කිරිඇල්ල මහතාගේ පුතා ගුවන්තොටුපොළේදී කලහකාරී ලෙස හැසිරුනේ නැත!,1
272,ගම්පහ දිසා වන නිලධාරි දේවානි ජයතිලක මහත්මියට ස්ථානමාරුවක් ලැබුණේ ද?,0
273,ගලගොඩඅත්තේ ඥානසාර හිමි විසින් පවසන ලදැයි 2018 වසරේ සිට හුවමාරුවන පුවත්පත් ලිපිය ව්‍යාජ සංස්කරණයකි,1
274,"හිටපු ජනාධිපති මෛත්‍රිපාල සිරිසේන මැතිතුමා නිදහස් උත්සවයට නොපැමිණියේ ජනාධිපති, අගමැති ආරක්ෂක අංශ තමා අපහසුතාවයට පත් කරයි යැයි සිතාද?",0
275,වයඹ ඩිස්ටිලරීස් සමාගමට නැවත නිෂ්පාදනය ආරම්භ කිරීමට අවසර ලැබුණේද?,0
276,වුහාන්හි හුදකලා වූ සිසුන් වෙනුවට ෂිෂුවාන්හි සිසුන් ගෙන්වා ගන්නේ විමල් වීරවංශගේ පුතා එහි අධ්‍යාපනය ලබන නිසාද?,0
277,මෙල්බර්න් නගරයේ පික්පොකට් ගැසූ ජවිපෙ මන්ත්රී පුතු කොටුවේ?,0
278,රජිනිකාන්ත්ට ශ්‍රී ලංකාවට පැමිණීම සඳහා වීසා නිකුත් නොකිරීමට රජය තීරණය කර ඇත්ද?,0
279,ජනපති මාධ්‍ය අංශයේ තිබූ ජංගම පටිගත කිරීමේ බස් රථය සහ තාක්ෂණ උපකරණ අතුරුදන්වුවාද?,0
280,වෛද්‍ය සාෆි නැවත සේවයේ පිහිටවිමට රාජ්‍ය සේවා කොමිෂන් සභාව තීරණය කළාද?,0
281,විජිත හේරත් ඉන්දියාවේ තිරුපති කෝවිල වැඳ පුදාගත් අවස්ථාවක්?,0
282,ජනාධිපතිවරයා රජයේ කාර්යාලයට ගොස් නිදා සිටින පුද්ගලයකු පසුබිම් කරගනිමින් සෙල්ෆි ඡායාරූපයක් ලබාගත්තේද ?,0
283,රාජ්‍ය සේවකයින්ගේ අතිකාල දීමනා නතර කිරීමට චක්‍රලේඛනයක් නිකුත් කළාද?,0
284,දෙසැම්බර් 16 උදැසන ඇමරිකාව සහ ශ්‍රී ලංකාව අතර MCC ගිවිසුම අත්සන් කරනු ලබනවාද?,0
285,වෛද්‍ය පාදෙනිය මහතා සෞඛ්‍ය අමාත්‍යාංශයේ ලේකම් ධුරයට?,0
286,බණ්ඩාර කොස්වත්ත ප්‍රදේශයේ කඩයකට ගෝටා පාර්ශවයේ මැරයින්ගෙන් ප්‍රහාර ?,0
287,මරණ දඬුවමට යටත්ව සිරගතව සිටින සුනිල් රත්නායක රණවිරුවාට නිදහස ලැබුණා ද ?,0
288,2015 දිවුරුම් දීමේ උත්සවයේදී රනිල් වික්‍රමසිංහ මහතා මහින්ද රාජපක්ෂ මහතා වෙත අතට අත දීම ප්‍රතික්ෂේප කළේද?,0
289,ජාතික ගීය මින් පසු සිංහලෙන් පමණයි ?,0
290,සජිත්ගේ ප්‍රචාරණ කටයුතු කළ ඉන්දියන් ආයතනය ලංකාවෙන් ඉවත් වෙයි?,0
291,හිටපු ක්‍රිකට් ක්‍රීඩක රංගන හේරත් සහ දිල්ෂාන්ගේ සහය සජිත් ප්‍රේමදාසට ?,0
292,මහේෂ් UNP බළල් අතක්. මෙතෙක් නිහඬව සිටි පල්ලෙවත්ත Fb පිටුව තහවුරු කරයි?,1
293,ඇල්පිටිය ඡන්ද විමසීමේදී බටුවන්හේන ඡන්ද කොට්ඨාශයේ ජනතා විමුක්ති පෙරමුණ එකම ඡන්දයක් වත් ලබා ගත්තේ නැද්ද ?,0
294,නාමල් ළඟ අවුරුදු ගානක් හිටපු ආරක්ෂකයා දැන් ඉන්නේ කාදිනල් ළඟ?,0
295,ලංකාවේ ජනාධිපති වීමට සිංහල බෞද්ධ වීම අනිවාර්යද?,0
296,ඇතින්නියන් හත්දෙනාගේ මරණය සිදුවූයේ ජනාධිපති අපේක්ෂකත්වය ලැබීම සඳහා වූ භාරයක් ඔප්පු කිරීමටයි,1
297,“ගෝටාබය බෝම්බය අතේ තබාගෙන පින් එක විසිකලා. පුපුරායාවි යැයි බියට කලිසමේ චූගියා” -මේජර් ජෙනරාල් කමල් ගුණරත්න,0
298,"හමුදා සාමාජිකයින්ට විශ්‍රාම වැටුපක් ලබා දෙන්නේ නම්, හිටපු කොටි සාමාජිකයින්ටද විශ්‍රාම වැටුපක් ලබා දිය යුතුය -මුදල් ඇමති",0
299,කුමාර් සංගක්කාර එක්සත් ජාතික පක්‍ෂයෙන් දේශපාලනයට පිවිසීමේ සූදානමක් නැත,1
300,ශ්‍රී ලංකා පොදුජන පෙරමුණේ තරුණ සමුළුව ආවරණය කිරීමට ගිය මාධ්‍යවේදියෙකුට පහර දුන්නා යැයි කියා සමාජ ජාලා හරහා පළවන ඡායාරූපය සැබවින්ම තරුණ සමුළුවේ දී සිදුවූවක් ද?,0
301,ජාතික ජන බලවේගයේ නායක අනුර කුමාර ඉන්දියාවේ දී ක්‍රිස්තියානි දේවස්ථානයකට ගියා ද ?,0
302,ශ්‍රී ලංකා පොදු ජන පෙරමුණේ මීළඟ ජනාධිපති අපේක්ෂකයා ව්‍යාපාරික ධම්මික පෙරේරාද?,0
303,“ලංකාවේ ක්‍රිකට් තහනම් කරපු එක සාධාරණයි” ජනාධිපතිවරයා ප්‍රකාශයක් කර නොමැත.,1
304,"ජාතික ජන බලවේගය ආණ්ඩුවක් යටතේ, ව්‍යාපාර සහ කර්මාන්ත ජනසතු කරන බවට ලාල්කාන්ත ප්‍රකාශ කළා ද?",0
305,"සැකකරුවෙකු පැහැරගෙන පළාගිය පුද්ගලයා, ඇමති හරීන් ප්‍රානාන්දුගේ පෞද්ගලික ලේකම් ද?",0
306,"ගාල්ල කර්මාන්ත හා වානිජ මණ්ඩල නිල වරණයෙන්, මාලිමා කණ්ඩායමක් ජය ලැබූ බවට පළවන වාර්තා අසත්‍යයි! ",1
307,දුම්රිය / බස් සීසන් අවලංගු කළ යුතු බවට දුමින්ද නාගමුවගේ ප්‍රකාශයක්?,0
308,අමෙරිකාවේ ජාතික ජන බලවේගයේ ජනහමුව සම්බන්ධ ප්‍රචාරණය සිදුවූ අයුරු?,0
309,ලක් දෙරණ බේරාගත හැකි එකම නායකයා මන්ත්‍රී පාඨලී චම්පික බවට මිහින්තලේ නාහිමියන් ප්‍රකාශ කළා ද?,0
310,මෙල්බර්න් ට්‍රෑම් රථයක අනුර කුමාර දිසානායකගේ දැන්වීමක් ප්‍රදර්ශනය කළාද?,0
311,මනුෂගේ හිටපු බිරිය රොෂානා ඔන්ඩච්චි පලකරන ලද සටහනක් ලෙසින් පළවන ව්‍යාජ සමාජ ජාලා සටහන් !,1
312,විපක්ෂ නායක විසින් ආරම්භ කළ “සදා අරගල වාදිනී දමිතා ගම්මානය”?,0
313,GoHomeGota2022 පළමු ෆේස්බුක් පිටුව “ජාතික ජන බලවේගය දිනවමු” ලෙස වෙනස් වුණා ද?,0
314,"ජනතා විමුක්ති පෙරමුණේ අරමුදල් යොදවා, දිවයින පුරා පිහිටි පාසල් වෙත “දාම් ලෑලි” බෙදීමේ වැඩසටහනක් ?",0
315,නිර්මාණි ලියනගේ මරණයට හේතු පිළිබඳව නලින්ද ජයතිස්සගෙන් ප්‍රකාශයක්?,0
316,"Waters Edge හෝටලයේදී ප්‍රසන්න රණතුංගට විරෝධය පෑ කාන්තාවකට, ඇමැති ආරක්ෂකයින්ගේ ප්‍රහාරයක් ?",0
317,අරගලයේ සහායට  Mia Khalifa ත් ගාලුමුවදොර පිටියට ?,0
318,නාමල්ගේ අමාත්‍යාංශයේ පිරිසක් අයථා ක්‍රියා පිළිබඳව නාමල් ට බැනවැදුණු අවස්ථාවක්?,0
319,රනිල් වික්‍රමසිංහ මහතා ලෝකයේ දූෂිතම අගමැතිවරුන් අතර 05 වන ස්ථානයේ?,0
320,ඩොලර් අර්බුදයට විසදුම Spider Man වැනි ජනප්‍රිය චිත්‍රපට නිපදවා විදෙස් විනිමය උපදවා ගැනීමයි- අනුර කුමාර ??,0
321,ජවිපෙ නායක අනුර කුමාර සහ ගම්පහ දිසා වන නිලධාරිනී දේවානි ජයතිලක සුහද කතාබහක ??,0
322,බනිස් මිල ඉහළ දැමීම ගැන ජනපති මාධ්‍ය ඒකකයේ නිවේදනයක්?,0
323,කබ්රාල් වෙනුවට යෝෂිත පාර්ලිමේන්තුවට?,0
324,හිටපු ජනාධිපති රණසිංහ ප්‍රේමදාස මහතා සහ මරාගෙන මැරෙන බෝම්බකරු “බාබු”ගේ ඡායාරුපයක් ද?,0
325,සොබෙරානා 2 එන්නත පිළිබඳව වෛද්‍ය නලින්ද ජයතිස්ස මහතාගේ ප්‍රකාශ පෙළක්?,0
326,අමාත්‍ය උදය ගම්මන්පිල මහතා පැන් කලය මුදා හළ අවස්ථාවේ පාර වසා තිබුණාද?,0
327,ජනපති විසින් ආරක්ෂක රථ 18ක් යොදාගන්නා බවට සාවද්‍ය ප්‍රකාශයක්!,1
328,කුසල් මෙන්ඩිස් වෙනුවෙන් සමඟි ජන බලවේගයේ උද්ඝෝෂණයක් සුදානම් යනුවෙන් උපහාසාත්මක කෝණයකින් පලවූ සාවද්‍ය පුවතක්!,1
329,“කරුගේ කතාවට සුමන්තිරන් කිපෙයි” යන සිරස්තලය යටතේ මුලාශ්‍ර රහිතව පළවූ සාවද්‍ය පුවතක්,1
330,හමුදාපතිගේ සේවා දිගුව සම්බන්ධයෙන් බිමල් රත්නායක මහතා ප්‍රකාශයක් සිදුකර නැත!,1
331,විශ්‍රාම වැටුප ලබා ගන්න පාර්ලිමේන්තුව නැවත කැඳවන්න – නලින්ද ජයතිස්ස,0
332,රනිල් වික්‍රමසිංහ ඇමරිකානු හා ඉන්දියානු ගැත්තෙක් නොවේ – අනුර කුමාර දිසානායක,0
333,ශ්‍රී ලංකාව දෙකඩ කර ඊලම හදන බව එංගලන්තය කියයි?,0
334,නව රජයේ අමාත්‍යංශ ලේකම්වරු ලෙස ත්‍රිවිධ හමුදා නිලධාරීන් පිරිසක් පත් කරයි ?,0
335,ගාල්ල තල්පිටිය මුස්ලිම් පල්ලියට ප්‍රහාරයක් !,0
336,ගෝඨාභය රාජපක්ෂ මහතා දිල්කා සමන්මලී මාධ්‍යවේදිනිය ඇසු ප්‍රශ්න ඉදිරියේ දී ගොත ගැසුවේ නැත,1
337,ගෝඨාභය රාජපක්ෂට අවුරුදු විස්සක් රට පාලනය කිරීමේ වරමක් ලැබී ඇති බවට අනාවැකියක් පළවුයේ නැත,1
